,count,mean,std,min,25%,50%,75%,max
delta_Right_pct,4848.0,-0.45719247004502506,6.372210423317143,-51.068376068376075,-4.0617712291037655,-0.444750866581483,3.2033318906274864,62.60869565217391
delta_Center_Left_pct,4848.0,-0.44530221937107367,5.609611435556464,-47.82608695652174,-3.1602110852814738,-0.34302416940825764,2.489704093794165,47.27704869989326
delta_Haredi_pct,4848.0,0.2746504149762134,3.1469784203322173,-55.51470588235294,-0.257408417041149,0.03355547631863237,0.8535257337505007,51.06837606837607
delta_Arab_pct,4848.0,0.6278442744398852,4.311461455857479,-47.5206779937253,0.0,0.0,0.28200850175659564,50.90909090909091
