strategy,rows,mae,median_row_mae,weighted_mae,macro_r2,maximum_prediction_sum_error,absolute_mae_improvement_vs_persistence,relative_mae_improvement_vs_persistence_pct
Hybrid — Ridge Non-Arab / persistence Arab,224,2.8008590587730104,1.7759147053802122,1.6968434981947609,0.9637473764798201,2.842170943040401e-14,0.45398748404156164,13.948045724115271
Hybrid — shrunk Ridge Non-Arab / persistence Arab,224,2.821662818840962,1.7790350791075027,1.7395940174114302,0.9638493017807234,2.842170943040401e-14,0.43318372397361005,13.308883176993714
Previous-election persistence,224,3.254846542814572,2.4996732846340164,2.3538553008554337,0.9592383816185908,2.842170943040401e-14,0.0,0.0
Ridge — globally shrunk correction,224,3.3832534104658234,1.8702879097771228,1.8693884163000576,0.9542487811385572,2.842170943040401e-14,-0.1284068676512513,-3.945097440453021
Ridge — raw correction,224,3.447611514793086,1.838861008446921,1.8451520709851823,0.9513227644469957,2.842170943040401e-14,-0.19276497197851405,-5.922398166637493
